sec_idx,loc,var
78,0.8333333333333334,v
77,0.8333333333333334,v
75,0.5,v
69,0.5,v
68,0.9285714285714286,v
66,0.9,v
58,0.5,v
52,0.5,v
46,0.5,v
36,0.5,v
34,0.8076923076923077,v
14,0.5,v
8,0.8333333333333334,v
2,0.5,v
0,0.5,v
