sec_idx,loc,amp,delay,dur
78,0.8333333333333334,-0.05,200.0,300.00000000000006
